INSERT IGNORE INTO houses (id, name, image_name, description, price, capacity, postal_code, address, phone_number, category, business_hours) VALUES (1, 'SAMURAIの居酒屋', 'house01.jpg', '最寄り駅から徒歩10分。自然豊かで閑静な場所にあります。長期滞在も可能です。', 6000, 2, '073-0145', '愛知県名古屋市西五条南X-XX-XX', '012-345-678', '居酒屋', '17:00～23:00');
INSERT IGNORE INTO houses (id, name, image_name, description, price, capacity, postal_code, address, phone_number, category, business_hours) VALUES (2, '焼肉 SAMURAI', 'house02.jpg', '最寄り駅から徒歩10分。自然豊かで閑静な場所にあります。長期滞在も可能です。', 7000, 3, '030-0945', '愛知県名古屋市桜川X-XX-XX', '012-345-678', '焼肉', '17:00～23:00');
INSERT IGNORE INTO houses (id, name, image_name, description, price, capacity, postal_code, address, phone_number, category, business_hours) VALUES (3, 'SAMURAI寿司', 'house03.jpg', '最寄り駅から徒歩10分。自然豊かで閑静な場所にあります。長期滞在も可能です。', 8000, 4, '029-5618', '愛知県名古屋市西和賀町沢内両沢X-XX-XX', '012-345-678', '寿司', '10:00～22:00');
INSERT IGNORE INTO houses (id, name, image_name, description, price, capacity, postal_code, address, phone_number, category, business_hours) VALUES (4, '定食 SAMURAI', 'house04.jpg', '最寄り駅から徒歩10分。自然豊かで閑静な場所にあります。長期滞在も可能です。', 9000, 5, '989-0555', '愛知県名古屋市七ヶ宿町滝ノ上X-XX-XX', '012-345-678', '定食', '10:00～22:00');
INSERT IGNORE INTO houses (id, name, image_name, description, price, capacity, postal_code, address, phone_number, category, business_hours) VALUES (5, 'SAMURAIカレー屋', 'house05.jpg', '最寄り駅から徒歩10分。自然豊かで閑静な場所にあります。長期滞在も可能です。', 10000, 6, '018-2661', '愛知県名古屋市八峰町八森浜田X-XX-XX', '012-345-678', 'カレー', '10:00～22:00');
INSERT IGNORE INTO houses (id, name, image_name, description, price, capacity, postal_code, address, phone_number, category, business_hours) VALUES (6, '喫茶店 SAMURAI', 'house06.jpg', '最寄り駅から徒歩10分。自然豊かで閑静な場所にあります。長期滞在も可能です。', 6000, 2, '999-6708', '愛知県名古屋市泉興野X-XX-XX', '012-345-678', '喫茶店', '10:00～22:00');
INSERT IGNORE INTO houses (id, name, image_name, description, price, capacity, postal_code, address, phone_number, category, business_hours) VALUES (7, 'SAMURAI中華料理', 'house07.jpg', '最寄り駅から徒歩10分。自然豊かで閑静な場所にあります。長期滞在も可能です。', 7000, 3, '969-5147', '愛知県名古屋市大戸町芦牧X-XX-XX', '012-345-678', '中華料理', '10:00～23:00');
INSERT IGNORE INTO houses (id, name, image_name, description, price, capacity, postal_code, address, phone_number, category, business_hours) VALUES (8, 'イタリア料理SAMURAI', 'house08.jpg', '最寄り駅から徒歩10分。自然豊かで閑静な場所にあります。長期滞在も可能です。', 8000, 4, '310-0021', '愛知県名古屋市南町X-XX-XX', '012-345-678', 'イタリア料理', '10:00～22:00');
INSERT IGNORE INTO houses (id, name, image_name, description, price, capacity, postal_code, address, phone_number, category, business_hours) VALUES (9, 'SAMURAIフランス料理', 'house09.jpg', '最寄り駅から徒歩10分。自然豊かで閑静な場所にあります。長期滞在も可能です。', 9000, 5, '323-1101', '愛知県名古屋市藤岡町大前X-XX-XX', '012-345-678', 'フランス料理', '10:00～22:00');
INSERT IGNORE INTO houses (id, name, image_name, description, price, capacity, postal_code, address, phone_number, category, business_hours) VALUES (10, 'スペイン料理SAMURAI', 'house10.jpg', '最寄り駅から徒歩10分。自然豊かで閑静な場所にあります。長期滞在も可能です。', 10000, 6, '370-0806', '愛知県名古屋市上和田町X-XX-XX', '012-345-678', 'スペイン料理', '10:00～22:00');
INSERT IGNORE INTO houses (id, name, image_name, description, price, capacity, postal_code, address, phone_number, category, business_hours) VALUES (11, 'SAMURAI韓国料理', 'house01.jpg', '最寄り駅から徒歩10分。自然豊かで閑静な場所にあります。長期滞在も可能です。', 6000, 2, '344-0125', '愛知県名古屋市飯沼X-XX-XX', '012-345-678', '韓国料理', '10:00～23:00');
INSERT IGNORE INTO houses (id, name, image_name, description, price, capacity, postal_code, address, phone_number, category, business_hours) VALUES (12, 'タイ料理SAMURAI', 'house02.jpg', '最寄り駅から徒歩10分。自然豊かで閑静な場所にあります。長期滞在も可能です。', 7000, 3, '272-0011', '愛知県名古屋市高谷新町X-XX-XX', '012-345-678', 'タイ料理', '10:00～23:00');
INSERT IGNORE INTO houses (id, name, image_name, description, price, capacity, postal_code, address, phone_number, category, business_hours) VALUES (13, 'SAMURAI海鮮料理', 'house03.jpg', '最寄り駅から徒歩10分。自然豊かで閑静な場所にあります。長期滞在も可能です。', 8000, 4, '130-0023', '愛知県名古屋市立川X-XX-XX', '012-345-678', '海鮮料理', '10:00～22:00');
INSERT IGNORE INTO houses (id, name, image_name, description, price, capacity, postal_code, address, phone_number, category, business_hours) VALUES (14, 'ステーキ SAMURAI', 'house04.jpg', '最寄り駅から徒歩10分。自然豊かで閑静な場所にあります。長期滞在も可能です。', 9000, 5, '240-0006', '愛知県名古屋市保土ヶ谷区星川X-XX-XX', '012-345-678', 'ステーキ', '10:00～22:00');
INSERT IGNORE INTO houses (id, name, image_name, description, price, capacity, postal_code, address, phone_number, category, business_hours) VALUES (15, 'SAMURAIハンバーグ', 'house05.jpg', '最寄り駅から徒歩10分。自然豊かで閑静な場所にあります。長期滞在も可能です。', 10000, 6, '950-0201', '愛知県名古屋市駒込X-XX-XX', '012-345-678', 'ハンバーグ', '10:00～22:00');
INSERT IGNORE INTO houses (id, name, image_name, description, price, capacity, postal_code, address, phone_number, category, business_hours) VALUES (16, 'SAMURAIハンバーガー', 'house06.jpg', '最寄り駅から徒歩10分。自然豊かで閑静な場所にあります。長期滞在も可能です。', 6000, 2, '939-8155', '愛知県名古屋市江本X-XX-XX', '012-345-678', 'ハンバーガー', '10:00～22:00');
INSERT IGNORE INTO houses (id, name, image_name, description, price, capacity, postal_code, address, phone_number, category, business_hours) VALUES (17, 'SAMURAIのそば', 'house07.jpg', '最寄り駅から徒歩10分。自然豊かで閑静な場所にあります。長期滞在も可能です。', 7000, 3, '929-0111', '愛知県名古屋市吉原町X-XX-XX', '012-345-678', 'そば', '10:00～22:00');
INSERT IGNORE INTO houses (id, name, image_name, description, price, capacity, postal_code, address, phone_number, category, business_hours) VALUES (18, '侍のお好み焼き', 'house08.jpg', '最寄り駅から徒歩10分。自然豊かで閑静な場所にあります。長期滞在も可能です。', 8000, 4, '910-2354', '愛知県名古屋市東天田町X-XX-XX', '012-345-678', 'お好み焼き', '10:00～22:00');
INSERT IGNORE INTO houses (id, name, image_name, description, price, capacity, postal_code, address, phone_number, category, business_hours) VALUES (19, '鍋料理 侍', 'house09.jpg', '最寄り駅から徒歩10分。自然豊かで閑静な場所にあります。長期滞在も可能です。', 9000, 5, '403-0003', '愛知県名古屋市大明見X-XX-XX', '012-345-678', '鍋料理', '10:00～22:00');
INSERT IGNORE INTO houses (id, name, image_name, description, price, capacity, postal_code, address, phone_number, category, business_hours) VALUES (20, '侍バー', 'house10.jpg', '最寄り駅から徒歩10分。自然豊かで閑静な場所にあります。長期滞在も可能です。', 10000, 6, '395-0017', '愛知県名古屋市東新町X-XX-XX', '012-345-678', 'バー', '10:00～22:00');
INSERT IGNORE INTO houses (id, name, image_name, description, price, capacity, postal_code, address, phone_number, category, business_hours) VALUES (21, 'パン 侍', 'house01.jpg', '最寄り駅から徒歩10分。自然豊かで閑静な場所にあります。長期滞在も可能です。', 6000, 2, '509-5147', '愛知県名古屋市泉郷町X-XX-XX', '012-345-678', 'パン', '17:00～26:00');
INSERT IGNORE INTO houses (id, name, image_name, description, price, capacity, postal_code, address, phone_number, category, business_hours) VALUES (22, '侍スイーツ', 'house02.jpg', '最寄り駅から徒歩10分。自然豊かで閑静な場所にあります。長期滞在も可能です。', 7000, 3, '434-0002', '愛知県名古屋市尾野X-XX-XX', '012-345-678', 'スイーツ', '10:00～19:00');
INSERT IGNORE INTO houses (id, name, image_name, description, price, capacity, postal_code, address, phone_number, category, business_hours) VALUES (23, '焼き鳥 侍', 'house03.jpg', '最寄り駅から徒歩10分。自然豊かで閑静な場所にあります。長期滞在も可能です。', 8000, 4, '444-3261', '愛知県名古屋市東大林町X-XX-XX', '012-345-678', '焼き鳥', '10:00～19:00');
INSERT IGNORE INTO houses (id, name, image_name, description, price, capacity, postal_code, address, phone_number, category, business_hours) VALUES (24, '侍すき焼き', 'house04.jpg', '最寄り駅から徒歩10分。自然豊かで閑静な場所にあります。長期滞在も可能です。', 9000, 5, '510-0201', '愛知県名古屋市稲生町X-XX-XX', '012-345-678', 'すき焼き', '10:00～22:00');
INSERT IGNORE INTO houses (id, name, image_name, description, price, capacity, postal_code, address, phone_number, category, business_hours) VALUES (25, 'しゃぶしゃぶ侍', 'house05.jpg', '最寄り駅から徒歩10分。自然豊かで閑静な場所にあります。長期滞在も可能です。', 10000, 6, '520-2353', '愛知県名古屋市久野部X-XX-XX', '012-345-678', 'しゃぶしゃぶ', '10:00～22:00');
INSERT IGNORE INTO houses (id, name, image_name, description, price, capacity, postal_code, address, phone_number, category, business_hours) VALUES (26, '侍天ぷら', 'house06.jpg', '最寄り駅から徒歩10分。自然豊かで閑静な場所にあります。長期滞在も可能です。', 6000, 2, '612-8369', '愛知県名古屋市伏見区村上町X-XX-XX', '012-345-678', '天ぷら', '10:00～22:00');
INSERT IGNORE INTO houses (id, name, image_name, description, price, capacity, postal_code, address, phone_number, category, business_hours) VALUES (27, '鉄板焼き 侍', 'house07.jpg', '最寄り駅から徒歩10分。自然豊かで閑静な場所にあります。長期滞在も可能です。', 7000, 3, '578-0915', '愛知県名古屋市古箕輪X-XX-XX', '012-345-678', '鉄板焼き', '10:00～22:00');
INSERT IGNORE INTO houses (id, name, image_name, description, price, capacity, postal_code, address, phone_number, category, business_hours) VALUES (28, '侍居酒屋', 'house08.jpg', '最寄り駅から徒歩10分。自然豊かで閑静な場所にあります。長期滞在も可能です。', 8000, 4, '655-0891', '愛知県名古屋市垂水区山手X-XX-XX', '012-345-678', '居酒屋', '10:00～22:00');
INSERT IGNORE INTO houses (id, name, image_name, description, price, capacity, postal_code, address, phone_number, category, business_hours) VALUES (29, '焼肉侍', 'house09.jpg', '最寄り駅から徒歩10分。自然豊かで閑静な場所にあります。長期滞在も可能です。', 9000, 5, '630-1126', '愛知県名古屋市法用町X-XX-XX', '012-345-678', '焼肉', '17:00～23:00');
INSERT IGNORE INTO houses (id, name, image_name, description, price, capacity, postal_code, address, phone_number, category, business_hours) VALUES (30, '侍寿司', 'house10.jpg', '最寄り駅から徒歩10分。自然豊かで閑静な場所にあります。長期滞在も可能です。', 10000, 6, '640-8319', '愛知県名古屋市手平X-XX-XX', '012-345-678', '寿司', '17:00～23:00');
INSERT IGNORE INTO houses (id, name, image_name, description, price, capacity, postal_code, address, phone_number, category, business_hours) VALUES (31, '定食 侍', 'house01.jpg', '最寄り駅から徒歩10分。自然豊かで閑静な場所にあります。長期滞在も可能です。', 6000, 2, '689-2203', '愛知県名古屋市北栄町原X-XX-XX', '012-345-678', '定食', '10:00～22:00');
INSERT IGNORE INTO houses (id, name, image_name, description, price, capacity, postal_code, address, phone_number, category, business_hours) VALUES (32, '侍カレー', 'house02.jpg', '最寄り駅から徒歩10分。自然豊かで閑静な場所にあります。長期滞在も可能です。', 7000, 3, '694-0035', '愛知県名古屋市五十猛町X-XX-XX', '012-345-678', 'カレー', '10:00～22:00');
INSERT IGNORE INTO houses (id, name, image_name, description, price, capacity, postal_code, address, phone_number, category, business_hours) VALUES (33, '侍喫茶店', 'house03.jpg', '最寄り駅から徒歩10分。自然豊かで閑静な場所にあります。長期滞在も可能です。', 8000, 4, '712-8036', '愛知県名古屋市水島西弥生町X-XX-XX', '012-345-678', '喫茶店', '10:00～22:00');
INSERT IGNORE INTO houses (id, name, image_name, description, price, capacity, postal_code, address, phone_number, category, business_hours) VALUES (34, '侍の中華料理', 'house04.jpg', '最寄り駅から徒歩10分。自然豊かで閑静な場所にあります。長期滞在も可能です。', 9000, 5, '726-0011', '愛知県名古屋市広谷町X-XX-XX', '012-345-678', '中華料理', '10:00～22:00');
INSERT IGNORE INTO houses (id, name, image_name, description, price, capacity, postal_code, address, phone_number, category, business_hours) VALUES (35, 'さむらいのイタリア料理', 'house05.jpg', '最寄り駅から徒歩10分。自然豊かで閑静な場所にあります。長期滞在も可能です。', 10000, 6, '750-0451', '愛知県名古屋市豊田町阿座上X-XX-XX', '012-345-678', 'イタリア料理', '10:00～22:00');
INSERT IGNORE INTO houses (id, name, image_name, description, price, capacity, postal_code, address, phone_number, category, business_hours) VALUES (36, 'フランス料理 さむらい', 'house06.jpg', '最寄り駅から徒歩10分。自然豊かで閑静な場所にあります。長期滞在も可能です。', 6000, 2, '778-0004', '愛知県名古屋市池田町X-XX-XX', '012-345-678', 'フランス料理', '10:00～22:00');
INSERT IGNORE INTO houses (id, name, image_name, description, price, capacity, postal_code, address, phone_number, category, business_hours) VALUES (37, 'さむらいスペイン料理', 'house07.jpg', '最寄り駅から徒歩10分。自然豊かで閑静な場所にあります。長期滞在も可能です。', 7000, 3, '762-0067', '愛知県名古屋市瀬居町X-XX-XX', '012-345-678', 'スペイン料理', '10:00～22:00');
INSERT IGNORE INTO houses (id, name, image_name, description, price, capacity, postal_code, address, phone_number, category, business_hours) VALUES (38, '韓国料理 さむらい', 'house08.jpg', '最寄り駅から徒歩10分。自然豊かで閑静な場所にあります。長期滞在も可能です。', 8000, 4, '792-0828', '愛知県名古屋市松原町X-XX-XX', '012-345-678', '韓国料理', '10:00～22:00');
INSERT IGNORE INTO houses (id, name, image_name, description, price, capacity, postal_code, address, phone_number, category, business_hours) VALUES (39, 'さむらいタイ料理屋', 'house09.jpg', '最寄り駅から徒歩10分。自然豊かで閑静な場所にあります。長期滞在も可能です。', 9000, 5, '787-1323', '愛知県名古屋市西土佐中半X-XX-XX', '012-345-678', 'タイ料理', '10:00～22:00');
INSERT IGNORE INTO houses (id, name, image_name, description, price, capacity, postal_code, address, phone_number, category, business_hours) VALUES (40, '海鮮料理 さむらい', 'house10.jpg', '最寄り駅から徒歩10分。自然豊かで閑静な場所にあります。長期滞在も可能です。', 10000, 6, '835-0018', '愛知県名古屋市瀬高町高柳X-XX-XX', '012-345-678', '海鮮料理', '10:00～22:00');
INSERT IGNORE INTO houses (id, name, image_name, description, price, capacity, postal_code, address, phone_number, category, business_hours) VALUES (41, 'さむらいステーキ', 'house01.jpg', '最寄り駅から徒歩10分。自然豊かで閑静な場所にあります。長期滞在も可能です。', 6000, 2, '840-0213', '愛知県名古屋市大和町久留間X-XX-XX', '012-345-678', 'ステーキ', '10:00～22:00');
INSERT IGNORE INTO houses (id, name, image_name, description, price, capacity, postal_code, address, phone_number, category, business_hours) VALUES (42, 'ハンバーグさむらい', 'house02.jpg', '最寄り駅から徒歩10分。自然豊かで閑静な場所にあります。長期滞在も可能です。', 7000, 3, '852-8104', '愛知県名古屋市茂里町X-XX-XX', '012-345-678', 'ハンバーグ', '10:00～22:00');
INSERT IGNORE INTO houses (id, name, image_name, description, price, capacity, postal_code, address, phone_number, category, business_hours) VALUES (43, 'さむらいハンバーガー', 'house03.jpg', '最寄り駅から徒歩10分。自然豊かで閑静な場所にあります。長期滞在も可能です。', 8000, 4, '863-0021', '愛知県名古屋市港町X-XX-XX', '012-345-678', 'ハンバーガー', '10:00～22:00');
INSERT IGNORE INTO houses (id, name, image_name, description, price, capacity, postal_code, address, phone_number, category, business_hours) VALUES (44, 'そばさむらい', 'house04.jpg', '最寄り駅から徒歩10分。自然豊かで閑静な場所にあります。長期滞在も可能です。', 9000, 5, '872-0014', '愛知県名古屋市南鶴田新田X-XX-XX', '012-345-678', 'そば', '10:00～22:00');
INSERT IGNORE INTO houses (id, name, image_name, description, price, capacity, postal_code, address, phone_number, category, business_hours) VALUES (45, 'さむらいお好み焼き', 'house05.jpg', '最寄り駅から徒歩10分。自然豊かで閑静な場所にあります。長期滞在も可能です。', 10000, 6, '880-0947', '愛知県名古屋市薫る坂X-XX-XX', '012-345-678', 'お好み焼き', '10:00～22:00');
INSERT IGNORE INTO houses (id, name, image_name, description, price, capacity, postal_code, address, phone_number, category, business_hours) VALUES (46, 'たこ焼きさむらい', 'house06.jpg', '最寄り駅から徒歩10分。自然豊かで閑静な場所にあります。長期滞在も可能です。', 6000, 2, '895-2103', '愛知県名古屋市さつま町紫尾X-XX-XX', '012-345-678', 'たこ焼き', '10:00～22:00');
INSERT IGNORE INTO houses (id, name, image_name, description, price, capacity, postal_code, address, phone_number, category, business_hours) VALUES (47, 'さむらい鍋料理', 'house07.jpg', '最寄り駅から徒歩10分。自然豊かで閑静な場所にあります。長期滞在も可能です。', 7000, 3, '904-2165', '愛知県名古屋市宮里X-XX-XX', '012-345-678', '鍋料理', '10:00～22:00');
INSERT IGNORE INTO houses (id, name, image_name, description, price, capacity, postal_code, address, phone_number, category, business_hours) VALUES (48, 'バー さむらい', 'house08.jpg', '最寄り駅から徒歩10分。自然豊かで閑静な場所にあります。長期滞在も可能です。', 8000, 4, '041-1121', '愛知県名古屋市七飯町大中山X-XX-XX', '012-345-678', 'バー', '10:00～22:00');
INSERT IGNORE INTO houses (id, name, image_name, description, price, capacity, postal_code, address, phone_number, category, business_hours) VALUES (49, 'さむらいスイーツ', 'house09.jpg', '最寄り駅から徒歩10分。自然豊かで閑静な場所にあります。長期滞在も可能です。', 9000, 5, '095-0019', '愛知県名古屋市大通東X-XX-XX', '012-345-678', 'スイーツ', '10:00～22:00');
INSERT IGNORE INTO houses (id, name, image_name, description, price, capacity, postal_code, address, phone_number, category, business_hours) VALUES (50, 'さむらい焼き鳥', 'house10.jpg', '最寄り駅から徒歩10分。自然豊かで閑静な場所にあります。長期滞在も可能です。', 10000, 6, '099-0423', '愛知県名古屋市遠軽町若松X-XX-XX', '012-345-678', '焼き鳥', '10:00～22:00');
INSERT IGNORE INTO houses (id, name, image_name, description, price, capacity, postal_code, address, phone_number, category, business_hours) VALUES (51, 'さむらいのすき焼き', 'house01.jpg', '最寄り駅から徒歩10分。自然豊かで閑静な場所にあります。長期滞在も可能です。', 6000, 2, '089-0533', '愛知県名古屋市幕別町札内新北町X-XX-XX', '012-345-678', 'すき焼き', '10:00～22:00');
INSERT IGNORE INTO houses (id, name, image_name, description, price, capacity, postal_code, address, phone_number, category, business_hours) VALUES (52, 'サムライのしゃぶしゃぶ', 'house02.jpg', '最寄り駅から徒歩10分。自然豊かで閑静な場所にあります。長期滞在も可能です。', 7000, 3, '049-3514', '愛知県名古屋市長万部町富野X-XX-XX', '012-345-678', 'しゃぶしゃぶ', '10:00～22:00');
INSERT IGNORE INTO houses (id, name, image_name, description, price, capacity, postal_code, address, phone_number, category, business_hours) VALUES (53, '天ぷら サムライ', 'house03.jpg', '最寄り駅から徒歩10分。自然豊かで閑静な場所にあります。長期滞在も可能です。', 8000, 4, '066-0018', '愛知県名古屋市旭ヶ丘X-XX-XX', '012-345-678', '天ぷら', '10:00～22:00');
INSERT IGNORE INTO houses (id, name, image_name, description, price, capacity, postal_code, address, phone_number, category, business_hours) VALUES (54, 'サムライ鉄板焼き', 'house04.jpg', '最寄り駅から徒歩10分。自然豊かで閑静な場所にあります。長期滞在も可能です。', 9000, 5, '003-0804', '愛知県名古屋市白石区菊水四条X-XX-XX', '012-345-678', '鉄板焼き', '10:00～22:00');
INSERT IGNORE INTO houses (id, name, image_name, description, price, capacity, postal_code, address, phone_number, category, business_hours) VALUES (55, 'たこ焼き サムライ', 'house05.jpg', '最寄り駅から徒歩10分。自然豊かで閑静な場所にあります。長期滞在も可能です。', 10000, 6, '042-0908', '愛知県名古屋市銅山町X-XX-XX', '012-345-678', 'たこ焼き', '10:00～22:00');
INSERT IGNORE INTO houses (id, name, image_name, description, price, capacity, postal_code, address, phone_number, category, business_hours) VALUES (56, 'サムライ居酒屋', 'house06.jpg', '最寄り駅から徒歩10分。自然豊かで閑静な場所にあります。長期滞在も可能です。', 6000, 2, '050-0061', '愛知県名古屋市八丁平X-XX-XX', '012-345-678', '居酒屋', '10:00～22:00');
INSERT IGNORE INTO houses (id, name, image_name, description, price, capacity, postal_code, address, phone_number, category, business_hours) VALUES (57, '焼肉 サムライ', 'house07.jpg', '最寄り駅から徒歩10分。自然豊かで閑静な場所にあります。長期滞在も可能です。', 7000, 3, '059-0027', '愛知県名古屋市青葉町X-XX-XX', '012-345-678', '焼肉', '10:00～22:00');

-- rolesテーブル
INSERT IGNORE INTO roles (id, name) VALUES (1, 'ROLE_GENERAL');
INSERT IGNORE INTO roles (id, name) VALUES (2, 'ROLE_ADMIN');
INSERT IGNORE INTO roles (id, name) VALUES (3, 'ROLE_PAID');

-- usersテーブル
INSERT IGNORE INTO users (id, name, furigana, postal_code, address, phone_number, email, password, role_id, enabled) VALUES (1, '侍 太郎', 'サムライ タロウ', '101-0022', '東京都千代田区神田練塀町300番地', '090-1234-5678', 'taro.samurai@example.com', '$2a$10$2JNjTwZBwo7fprL2X4sv.OEKqxnVtsVQvuXDkI8xVGix.U3W5B7CO', 1, true);
INSERT IGNORE INTO users (id, name, furigana, postal_code, address, phone_number, email, password, role_id, enabled) VALUES (2, '侍 花子', 'サムライ ハナコ', '101-0022', '東京都千代田区神田練塀町300番地', '090-1234-5678', 'hanako.samurai@example.com', '$2a$10$2JNjTwZBwo7fprL2X4sv.OEKqxnVtsVQvuXDkI8xVGix.U3W5B7CO', 2, true);
INSERT IGNORE INTO users (id, name, furigana, postal_code, address, phone_number, email, password, role_id, enabled) VALUES (3, '侍 義勝', 'サムライ ヨシカツ', '638-0644', '奈良県五條市西吉野町湯川X-XX-XX', '090-1234-5678', 'yoshikatsu.samurai@example.com', 'password', 1, false);
INSERT IGNORE INTO users (id, name, furigana, postal_code, address, phone_number, email, password, role_id, enabled) VALUES (4, '侍 幸美', 'サムライ サチミ', '342-0006', '埼玉県吉川市南広島X-XX-XX', '090-1234-5678', 'sachimi.samurai@example.com', 'password', 1, false);
INSERT IGNORE INTO users (id, name, furigana, postal_code, address, phone_number, email, password, role_id, enabled) VALUES (5, '侍 雅', 'サムライ ミヤビ', '527-0209', '滋賀県東近江市佐目町X-XX-XX', '090-1234-5678', 'miyabi.samurai@example.com', 'password', 1, false);
INSERT IGNORE INTO users (id, name, furigana, postal_code, address, phone_number, email, password, role_id, enabled) VALUES (6, '侍 正保', 'サムライ マサヤス', '989-1203', '宮城県柴田郡大河原町旭町X-XX-XX', '090-1234-5678', 'masayasu.samurai@example.com', 'password', 1, false);
INSERT IGNORE INTO users (id, name, furigana, postal_code, address, phone_number, email, password, role_id, enabled) VALUES (7, '侍 真由美', 'サムライ マユミ', '951-8015', '新潟県新潟市松岡町X-XX-XX', '090-1234-5678', 'mayumi.samurai@example.com', 'password', 1, false);
INSERT IGNORE INTO users (id, name, furigana, postal_code, address, phone_number, email, password, role_id, enabled) VALUES (8, '侍 安民', 'サムライ ヤスタミ', '241-0033', '神奈川県横浜市旭区今川町X-XX-XX', '090-1234-5678', 'yasutami.samurai@example.com', 'password', 1, false);
INSERT IGNORE INTO users (id, name, furigana, postal_code, address, phone_number, email, password, role_id, enabled) VALUES (9, '侍 章緒', 'サムライ アキオ', '739-2103', '広島県東広島市高屋町宮領X-XX-XX', '090-1234-5678', 'akio.samurai@example.com', 'password', 1, false);
INSERT IGNORE INTO users (id, name, furigana, postal_code, address, phone_number, email, password, role_id, enabled) VALUES (10, '侍 祐子', 'サムライ ユウコ', '601-0761', '京都府南丹市美山町高野X-XX-XX', '090-1234-5678', 'yuko.samurai@example.com', 'password', 1, false);
INSERT IGNORE INTO users (id, name, furigana, postal_code, address, phone_number, email, password, role_id, enabled) VALUES (11, '侍 秋美', 'サムライ アキミ', '606-8235', '京都府京都市左京区田中西春菜町X-XX-XX', '090-1234-5678', 'akimi.samurai@example.com', 'password', 1, false);
INSERT IGNORE INTO users (id, name, furigana, postal_code, address, phone_number, email, password, role_id, enabled) VALUES (12, '侍 信平', 'サムライ シンペイ', '673-1324', '兵庫県加東市新定X-XX-XX', '090-1234-5678', 'shinpei.samurai@example.com', 'password', 1, false);

-- reservationsテーブル
INSERT IGNORE INTO reservations (id, house_id, user_id, checkin_date, checkout_date, number_of_people, amount) VALUES (1, 1, 1, '2023-04-01', '2023-04-02', 2, 6000);
INSERT IGNORE INTO reservations (id, house_id, user_id, checkin_date, checkout_date, number_of_people, amount) VALUES (2, 2, 1, '2023-04-01', '2023-04-02', 3, 7000);
INSERT IGNORE INTO reservations (id, house_id, user_id, checkin_date, checkout_date, number_of_people, amount) VALUES (3, 3, 1, '2023-04-01', '2023-04-02', 4, 8000);
INSERT IGNORE INTO reservations (id, house_id, user_id, checkin_date, checkout_date, number_of_people, amount) VALUES (4, 4, 1, '2023-04-01', '2023-04-02', 5, 9000);
INSERT IGNORE INTO reservations (id, house_id, user_id, checkin_date, checkout_date, number_of_people, amount) VALUES (5, 5, 1, '2023-04-01', '2023-04-02', 6, 10000);
INSERT IGNORE INTO reservations (id, house_id, user_id, checkin_date, checkout_date, number_of_people, amount) VALUES (6, 6, 1, '2023-04-01', '2023-04-02', 2, 6000);
INSERT IGNORE INTO reservations (id, house_id, user_id, checkin_date, checkout_date, number_of_people, amount) VALUES (7, 7, 1, '2023-04-01', '2023-04-02', 3, 7000);
INSERT IGNORE INTO reservations (id, house_id, user_id, checkin_date, checkout_date, number_of_people, amount) VALUES (8, 8, 1, '2023-04-01', '2023-04-02', 4, 8000);
INSERT IGNORE INTO reservations (id, house_id, user_id, checkin_date, checkout_date, number_of_people, amount) VALUES (9, 9, 1, '2023-04-01', '2023-04-02', 5, 9000);
INSERT IGNORE INTO reservations (id, house_id, user_id, checkin_date, checkout_date, number_of_people, amount) VALUES (10, 10, 1, '2023-04-01', '2023-04-02', 6, 10000);
INSERT IGNORE INTO reservations (id, house_id, user_id, checkin_date, checkout_date, number_of_people, amount) VALUES (11, 11, 1, '2023-04-01', '2023-04-02', 2, 6000);

-- reviewsテーブル
INSERT IGNORE INTO reviews (id, house_id, user_id, rating, comment) VALUES (1, 1, 1, 5, '素晴らしい滞在でした。また利用したいです。');
INSERT IGNORE INTO reviews (id, house_id, user_id, rating, comment) VALUES (2, 1, 2, 4, '部屋がきれいで、快適に過ごせました。');
INSERT IGNORE INTO reviews (id, house_id, user_id, rating, comment) VALUES (3, 1, 3, 4, 'アクセスが良く、観光に最適でした。');
INSERT IGNORE INTO reviews (id, house_id, user_id, rating, comment) VALUES (4, 1, 4, 5, 'スタッフが親切で、気持ちよく滞在できました。');
INSERT IGNORE INTO reviews (id, house_id, user_id, rating, comment) VALUES (5, 1, 5, 4, '駅から近く、便利でした。');
INSERT IGNORE INTO reviews (id, house_id, user_id, rating, comment) VALUES (6, 1, 6, 5, '周辺の飲食店が充実していて、楽しめました。');
INSERT IGNORE INTO reviews (id, house_id, user_id, rating, comment) VALUES (7, 1, 7, 4, '宿泊費が手頃で、コストパフォーマンスが良かったです。');
INSERT IGNORE INTO reviews (id, house_id, user_id, rating, comment) VALUES (8, 1, 8, 3, '静かな環境でゆっくり休めました。');
INSERT IGNORE INTO reviews (id, house_id, user_id, rating, comment) VALUES (9, 1, 9, 4, '施設内の設備が充実していました。');
INSERT IGNORE INTO reviews (id, house_id, user_id, rating, comment) VALUES (10, 1, 10, 5, 'Wi-Fiが快適で助かりました。');
INSERT IGNORE INTO reviews (id, house_id, user_id, rating, comment) VALUES (11, 1, 11, 4, '清潔感があり、気持ちよく滞在できました。');
INSERT IGNORE INTO reviews (id, house_id, user_id, rating, comment) VALUES (12, 1, 12, 5, '部屋が広く、快適でした。');

-- favoritesテーブル
INSERT IGNORE INTO favorites (id, house_id, user_id) VALUES (1, 1, 1);
INSERT IGNORE INTO favorites (id, house_id, user_id) VALUES (2, 2, 1);
INSERT IGNORE INTO favorites (id, house_id, user_id) VALUES (3, 3, 1);
INSERT IGNORE INTO favorites (id, house_id, user_id) VALUES (4, 4, 1);
INSERT IGNORE INTO favorites (id, house_id, user_id) VALUES (5, 5, 1);
INSERT IGNORE INTO favorites (id, house_id, user_id) VALUES (6, 6, 1);
INSERT IGNORE INTO favorites (id, house_id, user_id) VALUES (7, 7, 1);
INSERT IGNORE INTO favorites (id, house_id, user_id) VALUES (8, 8, 1);
INSERT IGNORE INTO favorites (id, house_id, user_id) VALUES (9, 9, 1);
INSERT IGNORE INTO favorites (id, house_id, user_id) VALUES (10, 10, 1);
INSERT IGNORE INTO favorites (id, house_id, user_id) VALUES (11, 11, 1);
INSERT IGNORE INTO favorites (id, house_id, user_id) VALUES (12, 12, 1);
INSERT IGNORE INTO favorites (id, house_id, user_id) VALUES (13, 13, 1);